{
  "best_macro_f1": 0.185180334002624,
  "per_symptom_f1": {
    "Sadness": 0.23059866962305983,
    "Pessimism": 0.045393858477970624,
    "Past failure": 0.08682170542635659,
    "Loss of pleasure": 0.1945945945945946,
    "Guilty feelings": 0.16993464052287582,
    "Punishment feelings": 0.14022140221402216,
    "Self-dislike": 0.20958083832335328,
    "Self-criticalness": 0.14093959731543623,
    "Suicidal thoughts or wishes": 0.4700460829493087,
    "Crying": 0.44247787610619466,
    "Agitation": 0.058558558558558564,
    "Loss of interest": 0.19305019305019303,
    "Indecisiveness": 0.04,
    "Worthlessness": 0.17006802721088438,
    "Loss of energy": 0.17763157894736842,
    "Changes in sleeping pattern": 0.33480176211453744,
    "Irritability": 0.26804123711340205,
    "Changes in appetite": 0.15730337078651685,
    "Concentration difficulty": 0.11063829787234042,
    "Tiredness or fatigue": 0.17665615141955834,
    "Loss of interest in sex": 0.07142857142857142
  },
  "dataset_stats": {
    "total_samples": 20573,
    "source_counts": {
      "depresym": 16148,
      "redsm5": 1896,
      "bdisen": 2529
    },
    "per_symptom": {
      "Sadness": {
        "positive": 700,
        "negative": 19873,
        "ratio": 0.03402517863218782
      },
      "Pessimism": {
        "positive": 176,
        "negative": 20397,
        "ratio": 0.008554902056092937
      },
      "Past failure": {
        "positive": 222,
        "negative": 20351,
        "ratio": 0.010790842366208137
      },
      "Loss of pleasure": {
        "positive": 376,
        "negative": 20197,
        "ratio": 0.018276381665289457
      },
      "Guilty feelings": {
        "positive": 458,
        "negative": 20115,
        "ratio": 0.02226218830506003
      },
      "Punishment feelings": {
        "positive": 387,
        "negative": 20186,
        "ratio": 0.018811063043795265
      },
      "Self-dislike": {
        "positive": 566,
        "negative": 20007,
        "ratio": 0.02751178729402615
      },
      "Self-criticalness": {
        "positive": 434,
        "negative": 20139,
        "ratio": 0.02109561075195645
      },
      "Suicidal thoughts or wishes": {
        "positive": 498,
        "negative": 20075,
        "ratio": 0.024206484226899333
      },
      "Crying": {
        "positive": 633,
        "negative": 19940,
        "ratio": 0.030768482963106986
      },
      "Agitation": {
        "positive": 130,
        "negative": 20443,
        "ratio": 0.006318961745977738
      },
      "Loss of interest": {
        "positive": 234,
        "negative": 20339,
        "ratio": 0.011374131142759928
      },
      "Indecisiveness": {
        "positive": 146,
        "negative": 20427,
        "ratio": 0.007096680114713459
      },
      "Worthlessness": {
        "positive": 447,
        "negative": 20126,
        "ratio": 0.021727506926554223
      },
      "Loss of energy": {
        "positive": 291,
        "negative": 20282,
        "ratio": 0.014144752831380936
      },
      "Changes in sleeping pattern": {
        "positive": 324,
        "negative": 20249,
        "ratio": 0.015748796966898362
      },
      "Irritability": {
        "positive": 518,
        "negative": 20055,
        "ratio": 0.025178632187818985
      },
      "Changes in appetite": {
        "positive": 159,
        "negative": 20414,
        "ratio": 0.007728576289311233
      },
      "Concentration difficulty": {
        "positive": 159,
        "negative": 20414,
        "ratio": 0.007728576289311233
      },
      "Tiredness or fatigue": {
        "positive": 297,
        "negative": 20276,
        "ratio": 0.014436397219656831
      },
      "Loss of interest in sex": {
        "positive": 100,
        "negative": 20473,
        "ratio": 0.00486073980459826
      }
    }
  },
  "config": {
    "base_model": "all-mpnet-base-v2",
    "epochs": 10,
    "batch_size": 64,
    "learning_rate": 0.0002,
    "loss": "weighted_bce"
  }
}