{
  "best_macro_f1": 0.08889993214901638,
  "per_symptom_f1": {
    "Sadness": 0.07796101949025486,
    "Pessimism": 0.05546995377503852,
    "Past failure": 0.11510791366906473,
    "Loss of pleasure": 0.0676818950930626,
    "Guilty feelings": 0.05128205128205129,
    "Punishment feelings": 0.015625,
    "Self-dislike": 0.08258527827648116,
    "Self-criticalness": 0.014513788098693758,
    "Suicidal thoughts or wishes": 0.18930041152263374,
    "Crying": 0.4081632653061224,
    "Agitation": 0.03571428571428572,
    "Loss of interest": 0.029079159935379646,
    "Indecisiveness": 0.06432748538011696,
    "Worthlessness": 0.030456852791878174,
    "Loss of energy": 0.0916030534351145,
    "Changes in sleeping pattern": 0.2058823529411765,
    "Irritability": 0.054474708171206226,
    "Changes in appetite": 0.05150214592274678,
    "Concentration difficulty": 0.052631578947368425,
    "Tiredness or fatigue": 0.11413043478260869,
    "Loss of interest in sex": 0.05940594059405941
  },
  "dataset_stats": {
    "total_samples": 18677,
    "source_counts": {
      "depresym": 16148,
      "bdisen": 2529
    },
    "per_symptom": {
      "Sadness": {
        "positive": 331,
        "negative": 18346,
        "ratio": 0.01772233228034481
      },
      "Pessimism": {
        "positive": 176,
        "negative": 18501,
        "ratio": 0.009423354928521711
      },
      "Past failure": {
        "positive": 222,
        "negative": 18455,
        "ratio": 0.01188627723938534
      },
      "Loss of pleasure": {
        "positive": 237,
        "negative": 18440,
        "ratio": 0.01268940407988435
      },
      "Guilty feelings": {
        "positive": 110,
        "negative": 18567,
        "ratio": 0.00588959683032607
      },
      "Punishment feelings": {
        "positive": 39,
        "negative": 18638,
        "ratio": 0.0020881297852974245
      },
      "Self-dislike": {
        "positive": 218,
        "negative": 18459,
        "ratio": 0.011672110081918938
      },
      "Self-criticalness": {
        "positive": 86,
        "negative": 18591,
        "ratio": 0.004604593885527654
      },
      "Suicidal thoughts or wishes": {
        "positive": 304,
        "negative": 18373,
        "ratio": 0.01627670396744659
      },
      "Crying": {
        "positive": 264,
        "negative": 18413,
        "ratio": 0.014135032392782567
      },
      "Agitation": {
        "positive": 95,
        "negative": 18582,
        "ratio": 0.00508646998982706
      },
      "Loss of interest": {
        "positive": 95,
        "negative": 18582,
        "ratio": 0.00508646998982706
      },
      "Indecisiveness": {
        "positive": 83,
        "negative": 18594,
        "ratio": 0.004443968517427853
      },
      "Worthlessness": {
        "positive": 99,
        "negative": 18578,
        "ratio": 0.0053006371472934626
      },
      "Loss of energy": {
        "positive": 145,
        "negative": 18532,
        "ratio": 0.007763559458157092
      },
      "Changes in sleeping pattern": {
        "positive": 212,
        "negative": 18465,
        "ratio": 0.011350859345719335
      },
      "Irritability": {
        "positive": 149,
        "negative": 18528,
        "ratio": 0.007977726615623494
      },
      "Changes in appetite": {
        "positive": 111,
        "negative": 18566,
        "ratio": 0.00594313861969267
      },
      "Concentration difficulty": {
        "positive": 96,
        "negative": 18581,
        "ratio": 0.005140011779193661
      },
      "Tiredness or fatigue": {
        "positive": 151,
        "negative": 18526,
        "ratio": 0.008084810194356695
      },
      "Loss of interest in sex": {
        "positive": 100,
        "negative": 18577,
        "ratio": 0.005354178936660063
      }
    }
  },
  "config": {
    "base_model": "all-mpnet-base-v2",
    "epochs": 10,
    "batch_size": 64,
    "learning_rate": 0.0002,
    "loss": "weighted_bce"
  }
}