run,instrument,mae_items,mean_total_bias,mae_total,band_acc,n_sessions
0,CompACT-10,1.3800000000000001,-5.6,7.8,1.0,10
0,GAD-7,1.0571428571428572,-6.4,6.4,0.2,10
0,PHQ-9,0.7777777777777778,-3.6,4.6,0.3,10
1,CompACT-10,1.23,-1.7,5.9,1.0,10
1,GAD-7,1.1285714285714286,-6.1,6.5,0.2,10
1,PHQ-9,0.7777777777777778,-3.8,4.4,0.2,10
2,CompACT-10,1.28,-2.4,6.8,1.0,10
2,GAD-7,0.9714285714285713,-5.8,5.8,0.2,10
2,PHQ-9,0.7777777777777778,-3.4,4.6,0.2,10
