instrument,gold_band,mae_items,mean_total_bias,band_acc,n
CompACT-10,n/a,1.28,-2.4,1.0,10
GAD-7,mild,0.2857142857142857,0.0,1.0,1
GAD-7,moderate,0.9285714285714286,-3.5,0.5,2
GAD-7,severe,1.0816326530612244,-7.285714285714286,0.0,7
PHQ-9,mild,0.5555555555555556,3.0,0.0,1
PHQ-9,minimal,0.5555555555555556,3.0,0.0,1
PHQ-9,moderate,0.6666666666666666,-3.3333333333333335,0.6666666666666666,3
PHQ-9,moderately_severe,0.8148148148148149,-4.0,0.0,3
PHQ-9,severe,1.1111111111111112,-9.0,0.0,2
