subscale,items_1based,mean_signed_error,MAE,mean_gold,mean_pred
OE,"[3, 5, 8]",-0.8666666666666667,1.1333333333333333,4.6000000000000005,3.733333333333333
BA,"[1, 6, 9]",-0.43333333333333335,1.6333333333333335,3.6999999999999997,3.266666666666667
VA,"[2, 4, 7, 10]",0.375,1.125,3.275,3.6500000000000004
