run,n,gold_p1,gold_p2,gold_p3,pred_p1,pred_p2,pred_p3,KL_pred_to_gold,chi2,chi2_pval,majority_class_baseline,actual_acc
0,300,0.33666666666666667,0.31666666666666665,0.3466666666666667,0.34,0.33,0.33,0.000700510934621916,0.41870665811520424,0.811108596771362,0.3466666666666667,0.21
1,300,0.33666666666666667,0.31666666666666665,0.3466666666666667,0.23333333333333334,0.4766666666666667,0.29,0.05763538496835241,36.54632921794204,1.158951984347541e-08,0.3466666666666667,0.23666666666666666
2,300,0.33666666666666667,0.31666666666666665,0.3466666666666667,0.2,0.45,0.35,0.057323166008870906,33.495285004208924,5.328331990615929e-08,0.3466666666666667,0.24666666666666667
