our_run,our_rank,our_MAE_combined,donor,donor_GAD7,hybrid_MAE_combined,hybrid_macro_MAE,delta_combined,projected_rank_in_official_table
2,10,1.063149911816579,Gemma,0.5816056910569107,0.9116216501053903,1.1213531970749144,-0.15152826171118872,4
2,10,1.063149911816579,FBKillers_best,0.5954897406116926,0.916249666623651,1.1579205865132385,-0.146900245192928,4
2,10,1.063149911816579,VerbaNex_best,0.6697299651567946,0.9409964081386851,1.1256583323378748,-0.1221535036778939,4
1,12,1.103253968253968,Gemma,0.5816056910569107,0.8999796747967478,1.1255418122338965,-0.20327429345722015,4
1,12,1.103253968253968,FBKillers_best,0.5954897406116926,0.9046076913150086,1.1621092016722205,-0.1986462769389593,4
1,12,1.103253968253968,VerbaNex_best,0.6697299651567946,0.9293544328300425,1.1298469474968567,-0.17389953542392544,4
0,13,1.107349206349207,Gemma,0.5816056910569107,0.9148685636856371,1.1091016894425034,-0.1924806426635699,4
0,13,1.107349206349207,FBKillers_best,0.5954897406116926,0.9194965802038979,1.1456690788808277,-0.18785262614530907,4
0,13,1.107349206349207,VerbaNex_best,0.6697299651567946,0.9442433217189318,1.1134068247054636,-0.1631058846302752,4
