team,avg_rank
VerbaNex AI,2.0
FBKillers,3.0
BASELINE - Gemma,4.0
INSALyon,4.166666666666667
BUAP-NLP Lab,4.666666666666667
wangkongqiang,5.666666666666667
NixLab,7.0
PSI-UEX,9.833333333333334
In2Lab-TNT,10.5
AxoloTux,10.5
debju,11.833333333333334
BASELINE - Random,12.0
CICNLP2026,12.333333333333334
BRIAN,12.5
JUNLP_MH,13.666666666666666
ELiRF-UPV,13.833333333333334
PANIC,15.666666666666666
NLP Innovators,17.833333333333332
yaregresepekas,19.0
