run,instrument,n_sessions,local_R30_item_MAE,leaderboard_MAE,delta
0,GAD-7,10,1.0571,1.159048,-0.1019
0,PHQ-9,10,0.7778,0.796667,-0.0189
0,CompACT-10,10,1.38,1.366333,0.0137
1,GAD-7,10,1.1286,1.191429,-0.0629
1,PHQ-9,10,0.7778,0.816667,-0.0389
1,CompACT-10,10,1.23,1.301667,-0.0717
2,GAD-7,10,0.9714,1.03619,-0.0648
2,PHQ-9,10,0.7778,0.829259,-0.0515
2,CompACT-10,10,1.28,1.324,-0.044
