model,n_sessions,GAD7_MAE_items,GAD7_signed_total_bias,GAD7_band_acc,best_hybrid_MAE_combined,best_hybrid_source,best_hybrid_run
google_gemma-4-26b-a4b-it__v2,10,0.7142857142857143,-3.4,0.5,0.9073544973544974,submitted,1
google_gemma-3-27b-it__v2,10,0.7428571428571428,-3.8,0.2,0.9168783068783068,submitted,1
google_gemma-4-26b-a4b-it,10,0.7428571428571428,-4.0,0.2,0.9168783068783068,submitted,1
google_gemma-4-31b-it,10,0.7857142857142857,-4.7,0.3,0.9311640211640212,submitted,1
google_gemma-3-27b-it,10,0.8142857142857143,-4.9,0.3,0.9406878306878307,submitted,1
