run,instrument,n,submitted_MAE,replay_MAE,delta_MAE,mean_submitted_bias,mean_replay_bias
0,CompACT-10,10,1.3800000000000001,1.3199999999999998,-0.06000000000000001,-5.6,-4.4
0,GAD-7,10,1.0571428571428572,1.1,0.04285714285714284,-6.4,-6.1
0,PHQ-9,10,0.7777777777777778,0.888888888888889,0.11111111111111112,-3.6,-4.4
1,CompACT-10,10,1.23,1.24,0.009999999999999976,-1.7,-0.8
1,GAD-7,10,1.1285714285714286,1.0857142857142856,-0.04285714285714288,-6.1,-6.0
1,PHQ-9,10,0.7777777777777778,0.8444444444444444,0.06666666666666667,-3.8,-4.4
2,CompACT-10,10,1.28,1.25,-0.029999999999999992,-2.4,-0.9
2,GAD-7,10,0.9714285714285713,1.0857142857142859,0.11428571428571428,-5.8,-6.0
2,PHQ-9,10,0.7777777777777778,0.8777777777777779,0.09999999999999998,-3.4,-4.3
