run,submitted_MAE_combined,replay_MAE_combined,delta,projected_rank
0,1.0716402116402117,1.102962962962963,0.0313227513227512,12
1,1.0454497354497354,1.0567195767195767,0.011269841269841319,10
2,1.0097354497354496,1.0711640211640212,0.06142857142857161,11
