run,tercile,n,acc
0,early,0,
0,mid,0,
0,late,0,
1,early,270,0.2037037037037037
1,mid,232,0.21982758620689655
1,late,66,0.2878787878787879
2,early,270,0.22962962962962963
2,mid,232,0.2801724137931034
2,late,66,0.2727272727272727
