model,mode,n,accuracy,macro_f1,f1_class_1,f1_class_2,f1_class_3,pred_p1,pred_p2,pred_p3,chi2_uniform,p_uniform,chi2_gold,p_gold
google_gemma-3-27b-it,R2,568,0.2869718309859155,0.22488825089717587,0.16551724137931034,0.4096,0.09954751131221719,0.15316901408450703,0.772887323943662,0.07394366197183098,499.1866197183098,4.0086930968824147e-109,515.2748714912168,1.2867178447431516e-112
google_gemma-4-31b-it,S,568,0.4119718309859155,0.40197294577095044,0.4779874213836478,0.37168141592920356,0.35625,0.4823943661971831,0.26936619718309857,0.2482394366197183,57.1725352112676,3.847173040099799e-13,38.75439013109361,3.842298562098589e-09
google_gemma-3-27b-it,S,568,0.2904929577464789,0.262569824215888,0.41379310344827586,0.1509433962264151,0.22297297297297297,0.5616197183098591,0.2323943661971831,0.20598591549295775,133.79929577464787,8.827791786156257e-30,103.43799397574853,3.457203934615422e-23
meta-llama_llama-3.3-70b-instruct,S,568,0.25704225352112675,0.23377655420117524,0.3679060665362035,0.1643059490084986,0.16911764705882354,0.5422535211267606,0.29401408450704225,0.1637323943661972,126.02464788732394,4.306212124077381e-28,97.5696407968299,6.501621760873371e-22
google_gemma-4-31b-it,S2,568,0.47007042253521125,0.45402446834603855,0.549407114624506,0.4012738853503185,0.41139240506329117,0.5334507042253521,0.22535211267605634,0.24119718309859156,102.57394366197182,5.325386589232089e-23,77.20185385257066,1.7211964416483857e-17
google_gemma-4-31b-it,S3,567,0.400352733686067,0.39853178881737983,0.43414634146341463,0.3925729442970822,0.3688760806916426,0.36684303350970016,0.3368606701940035,0.2962962962962963,4.264550264550264,0.11856723062095609,0.9886040775640008,0.609996512659964
google_gemma-4-31b-it,S4,559,0.3542039355992844,0.35315068230137053,0.3778337531486146,0.3482849604221636,0.3333333333333333,0.3559928443649374,0.35241502683363146,0.29159212880143115,4.393559928443649,0.11116052355216176,2.6714818390796045,0.26296326863582664
