run,submitted_acc,replay_acc_full,delta,projected_rank,vs_random_baseline,vs_top_team
1,0.23666666666666666,0.22007042253521128,-0.016596244131455384,35,-0.14260557746478872,-0.17253557746478873
2,0.24666666666666667,0.25528169014084506,0.00861502347417839,32,-0.10739430985915493,-0.13732430985915495
