gold_class,n,n_all_wrong,pct_all_wrong,n_all_correct,pct_all_correct,mean_correct_systems
1,101,18,0.1782178217821782,3,0.0297029702970297,3.1386138613861387
2,94,20,0.2127659574468085,1,0.010638297872340425,2.4680851063829787
3,104,40,0.38461538461538464,0,0.0,1.7115384615384615
ALL,299,78,0.2608695652173913,4,0.013377926421404682,2.431438127090301
