run,submitted_n,submitted_acc,leaderboard_acc,replay_n_r1_30,replay_acc_r1_30,replay_n_full,replay_acc_full,delta_replay_full_minus_submitted
0,300,0.21,0.21,0,,0,,
1,300,0.23666666666666666,0.236667,300,0.2,568,0.22007042253521128,-0.016596244131455384
2,300,0.24666666666666667,0.246667,300,0.22666666666666666,568,0.25528169014084506,0.00861502347417839
