gold_class,n,submitted_acc,s2_acc,agreement_rate
1,101,0.16831683168316833,0.6633663366336634,0.36633663366336633
2,95,0.3263157894736842,0.2736842105263158,0.4105263157894737
3,104,0.25,0.3076923076923077,0.36538461538461536
